Task,Split,TestSize,Model,Accuracy,Precision,Recall,F1,FitTime_s,InferenceTime_ms_per_sample,ModelSize_MB,CM_counts,CM_percent,ModelFile,BestModel,Kfold,Accuracy_mean,Precision_mean,Recall_mean,F1_mean,InferenceTime_ms_per_sample_mean
binary,80_20,0.2,RandomForest,1.0,1.0,1.0,1.0,2.263875,0.007048,0.291116,cms/RandomForest_binary_80_20_counts.png,cms/RandomForest_binary_80_20_percent.png,models/RandomForest_binary_80_20.joblib,,,,,,,
binary,80_20,0.2,DecisionTree,1.0,1.0,1.0,1.0,0.096889,5.1e-05,0.001962,cms/DecisionTree_binary_80_20_counts.png,cms/DecisionTree_binary_80_20_percent.png,models/DecisionTree_binary_80_20.joblib,,,,,,,
binary,80_20,0.2,XGBoost,1.0,1.0,1.0,1.0,0.451777,0.000525,0.151911,cms/XGBoost_binary_80_20_counts.png,cms/XGBoost_binary_80_20_percent.png,models/XGBoost_binary_80_20.joblib,,,,,,,
binary,80_20,0.2,LightGBM,1.0,1.0,1.0,1.0,0.879916,0.002817,0.211018,cms/LightGBM_binary_80_20_counts.png,cms/LightGBM_binary_80_20_percent.png,models/LightGBM_binary_80_20.joblib,,,,,,,
binary,80_20,0.2,KNN,1.0,1.0,1.0,1.0,0.137849,0.183224,15.225668,cms/KNN_binary_80_20_counts.png,cms/KNN_binary_80_20_percent.png,models/KNN_binary_80_20.joblib,,,,,,,
binary,70_30,0.3,RandomForest,1.0,1.0,1.0,1.0,1.913468,0.005899,0.235223,cms/RandomForest_binary_70_30_counts.png,cms/RandomForest_binary_70_30_percent.png,models/RandomForest_binary_70_30.joblib,,,,,,,
binary,70_30,0.3,DecisionTree,1.0,1.0,1.0,1.0,0.066147,4.1e-05,0.001687,cms/DecisionTree_binary_70_30_counts.png,cms/DecisionTree_binary_70_30_percent.png,models/DecisionTree_binary_70_30.joblib,,,,,,,
binary,70_30,0.3,XGBoost,1.0,1.0,1.0,1.0,0.312763,0.000429,0.151714,cms/XGBoost_binary_70_30_counts.png,cms/XGBoost_binary_70_30_percent.png,models/XGBoost_binary_70_30.joblib,,,,,,,
binary,70_30,0.3,LightGBM,1.0,1.0,1.0,1.0,0.673151,0.002884,0.20792,cms/LightGBM_binary_70_30_counts.png,cms/LightGBM_binary_70_30_percent.png,models/LightGBM_binary_70_30.joblib,,,,,,,
binary,70_30,0.3,KNN,1.0,1.0,1.0,1.0,0.107766,0.156646,13.416449,cms/KNN_binary_70_30_counts.png,cms/KNN_binary_70_30_percent.png,models/KNN_binary_70_30.joblib,,,,,,,
multiclass,80_20,0.2,RandomForest,0.993646,0.993664,0.993646,0.993621,3.495886,0.009883,40.88868,cms/RandomForest_multiclass_80_20_counts.png,cms/RandomForest_multiclass_80_20_percent.png,models/RandomForest_multiclass_80_20.joblib,,,,,,,
multiclass,80_20,0.2,DecisionTree,0.992904,0.992908,0.992904,0.992905,0.15077,0.00011,0.16845,cms/DecisionTree_multiclass_80_20_counts.png,cms/DecisionTree_multiclass_80_20_percent.png,models/DecisionTree_multiclass_80_20.joblib,,,,,,,
multiclass,80_20,0.2,XGBoost,0.991744,0.991683,0.991744,0.991682,4.261718,0.007038,1.954614,cms/XGBoost_multiclass_80_20_counts.png,cms/XGBoost_multiclass_80_20_percent.png,models/XGBoost_multiclass_80_20.joblib,,,,,,,
multiclass,80_20,0.2,LightGBM,0.993506,0.993495,0.993506,0.993491,7.485006,0.084481,5.822483,cms/LightGBM_multiclass_80_20_counts.png,cms/LightGBM_multiclass_80_20_percent.png,models/LightGBM_multiclass_80_20.joblib,,,,,,,
multiclass,80_20,0.2,KNN,0.991929,0.992063,0.991929,0.991928,0.123212,0.158999,15.225714,cms/KNN_multiclass_80_20_counts.png,cms/KNN_multiclass_80_20_percent.png,models/KNN_multiclass_80_20.joblib,,,,,,,
multiclass,70_30,0.3,RandomForest,0.993846,0.993872,0.993846,0.993829,3.151006,0.008919,36.759423,cms/RandomForest_multiclass_70_30_counts.png,cms/RandomForest_multiclass_70_30_percent.png,models/RandomForest_multiclass_70_30.joblib,,,,,,,
multiclass,70_30,0.3,DecisionTree,0.992795,0.992801,0.992795,0.992797,0.131576,8.8e-05,0.14602,cms/DecisionTree_multiclass_70_30_counts.png,cms/DecisionTree_multiclass_70_30_percent.png,models/DecisionTree_multiclass_70_30.joblib,,,,,,,
multiclass,70_30,0.3,XGBoost,0.991311,0.991261,0.991311,0.991267,3.79871,0.007011,1.950723,cms/XGBoost_multiclass_70_30_counts.png,cms/XGBoost_multiclass_70_30_percent.png,models/XGBoost_multiclass_70_30.joblib,,,,,,,
multiclass,70_30,0.3,LightGBM,0.991218,0.991154,0.991218,0.991176,6.618553,0.074435,5.774204,cms/LightGBM_multiclass_70_30_counts.png,cms/LightGBM_multiclass_70_30_percent.png,models/LightGBM_multiclass_70_30.joblib,,,,,,,
multiclass,70_30,0.3,KNN,0.991589,0.991697,0.991589,0.991584,0.108076,0.161393,13.416494,cms/KNN_multiclass_70_30_counts.png,cms/KNN_multiclass_70_30_percent.png,models/KNN_multiclass_70_30.joblib,,,,,,,
binary,kfold,,,,,,,,,,,,,RandomForest,2.0,1.0,1.0,1.0,1.0,0.004674
binary,kfold,,,,,,,,,,,,,RandomForest,3.0,1.0,1.0,1.0,1.0,0.00517
binary,kfold,,,,,,,,,,,,,RandomForest,4.0,1.0,1.0,1.0,1.0,0.005659
binary,kfold,,,,,,,,,,,,,RandomForest,5.0,1.0,1.0,1.0,1.0,0.006066
multiclass,kfold,,,,,,,,,,,,,RandomForest,2.0,0.993395,0.993427,0.993395,0.993343,0.007194
multiclass,kfold,,,,,,,,,,,,,RandomForest,3.0,0.994007,0.99405,0.994007,0.993984,0.007782
multiclass,kfold,,,,,,,,,,,,,RandomForest,4.0,0.993989,0.99403,0.993989,0.993966,0.008128
multiclass,kfold,,,,,,,,,,,,,RandomForest,5.0,0.994276,0.99432,0.994276,0.994264,0.008537
