Task,BestModel,Kfold,Accuracy_mean,Precision_mean,Recall_mean,F1_mean,InferenceTime_ms_per_sample_mean
binary,RandomForest,2,1.0,1.0,1.0,1.0,0.004674
binary,RandomForest,3,1.0,1.0,1.0,1.0,0.00517
binary,RandomForest,4,1.0,1.0,1.0,1.0,0.005659
binary,RandomForest,5,1.0,1.0,1.0,1.0,0.006066
multiclass,RandomForest,2,0.993395,0.993427,0.993395,0.993343,0.007194
multiclass,RandomForest,3,0.994007,0.99405,0.994007,0.993984,0.007782
multiclass,RandomForest,4,0.993989,0.99403,0.993989,0.993966,0.008128
multiclass,RandomForest,5,0.994276,0.99432,0.994276,0.994264,0.008537
